title,company,location,skills_required,domain,stipend,duration,description
Machine Learning Intern,TechCorp 1,Bangalore,"pandas, Python, PyTorch, NumPy, Bash, Flask",AI/ML,8000,2 months,"Machine Learning Intern at TechCorp 1 in Bangalore. Focus on ai/ml projects with pandas, Python, PyTorch, NumPy, Bash."
Data Science Intern,Analytics Hub 1,Hyderabad,"pandas, SQL, Tableau, Power BI, Statistics",Data Science,9000,3 months,"Data Science Intern at Analytics Hub 1 in Hyderabad. Focus on data science projects with pandas, SQL, Tableau, Power BI, Statistics."
NLP Research Intern,AI Lab 1,Pune,"Python, Prompt Engineering, RAG, spaCy, BERT, NLTK, Transformers",NLP,10000,4 months,"NLP Research Intern at AI Lab 1 in Pune. Focus on nlp projects with Python, Prompt Engineering, RAG, spaCy, BERT."
Backend Developer Intern,StartupXYZ 1,Chennai,"REST APIs, FastAPI, Microservices, PostgreSQL, Linux",Backend,11000,5 months,"Backend Developer Intern at StartupXYZ 1 in Chennai. Focus on backend projects with REST APIs, FastAPI, Microservices, PostgreSQL, Linux."
Frontend Developer Intern,VisionTech 1,Remote,"HTML, Tailwind CSS, JavaScript, TypeScript, Next.js, CNN, C++",Frontend,12000,2 months,"Frontend Developer Intern at VisionTech 1 in Remote. Focus on frontend projects with HTML, Tailwind CSS, JavaScript, TypeScript, Next.js."
DevOps Intern,CloudNine 1,Delhi,"Kubernetes, Monitoring, Linux, Docker, CI/CD, Terraform, REST APIs",DevOps,13000,3 months,"DevOps Intern at CloudNine 1 in Delhi. Focus on devops projects with Kubernetes, Monitoring, Linux, Docker, CI/CD."
Cloud Engineering Intern,DataForge 1,Mumbai,"Terraform, GCP, Kubernetes, Linux, Docker",Cloud,14000,4 months,"Cloud Engineering Intern at DataForge 1 in Mumbai. Focus on cloud projects with Terraform, GCP, Kubernetes, Linux, Docker."
Computer Vision Intern,NextGen Systems 1,Noida,"Object Detection, PyTorch, Python, OpenCV, Image Processing, FastAPI, CI/CD",Computer Vision,15000,5 months,"Computer Vision Intern at NextGen Systems 1 in Noida. Focus on computer vision projects with Object Detection, PyTorch, Python, OpenCV, Image Processing."
Security Engineering Intern,InnoSoft 1,Gurugram,"SAST, Threat Modeling, IAM, Network Security, Secure Coding, OAuth, AWS, Bash",Security,16000,2 months,"Security Engineering Intern at InnoSoft 1 in Gurugram. Focus on security projects with SAST, Threat Modeling, IAM, Network Security, Secure Coding."
Product Analytics Intern,BrightEdge 1,Kolkata,"Tableau, SQL, Excel, Statistics, Celery, C++",Analytics,17000,3 months,"Product Analytics Intern at BrightEdge 1 in Kolkata. Focus on analytics projects with Tableau, SQL, Excel, Statistics, Celery."
Machine Learning Intern,NexusAI 1,Bangalore,"Feature Engineering, PyTorch, pandas, NumPy, A/B Testing, BERT, C++",AI/ML,18000,4 months,"Machine Learning Intern at NexusAI 1 in Bangalore. Focus on ai/ml projects with Feature Engineering, PyTorch, pandas, NumPy, A/B Testing."
Data Science Intern,QuantifyX 1,Hyderabad,"SQL, pandas, Statistics, Tableau, Spark, Power BI, NumPy",Data Science,19000,5 months,"Data Science Intern at QuantifyX 1 in Hyderabad. Focus on data science projects with SQL, pandas, Statistics, Tableau, Spark."
NLP Research Intern,TechCorp 2,Pune,"BERT, Embeddings, RAG, Prompt Engineering, Python",NLP,20000,2 months,"NLP Research Intern at TechCorp 2 in Pune. Focus on nlp projects with BERT, Embeddings, RAG, Prompt Engineering, Python."
Backend Developer Intern,Analytics Hub 2,Chennai,"Microservices, Python, FastAPI, Docker, REST APIs, PostgreSQL",Backend,21000,3 months,"Backend Developer Intern at Analytics Hub 2 in Chennai. Focus on backend projects with Microservices, Python, FastAPI, Docker, REST APIs."
Frontend Developer Intern,AI Lab 2,Remote,"TypeScript, UI/UX, HTML, React, Tailwind CSS, CSS, Docker, Celery",Frontend,22000,4 months,"Frontend Developer Intern at AI Lab 2 in Remote. Focus on frontend projects with TypeScript, UI/UX, HTML, React, Tailwind CSS."
DevOps Intern,StartupXYZ 2,Delhi,"Terraform, CI/CD, Kubernetes, Linux",DevOps,23000,5 months,"DevOps Intern at StartupXYZ 2 in Delhi. Focus on devops projects with Terraform, CI/CD, Kubernetes, Linux."
Cloud Engineering Intern,VisionTech 2,Mumbai,"Linux, Kubernetes, Terraform, GCP, Docker, CI/CD, PostgreSQL",Cloud,24000,2 months,"Cloud Engineering Intern at VisionTech 2 in Mumbai. Focus on cloud projects with Linux, Kubernetes, Terraform, GCP, Docker."
Computer Vision Intern,CloudNine 2,Noida,"Image Processing, PyTorch, CNN, Python, Object Detection, OpenCV, Airflow, AWS",Computer Vision,25000,3 months,"Computer Vision Intern at CloudNine 2 in Noida. Focus on computer vision projects with Image Processing, PyTorch, CNN, Python, Object Detection."
Security Engineering Intern,DataForge 2,Gurugram,"Secure Coding, OAuth, Threat Modeling, IAM, Communication, Airflow",Security,26000,4 months,"Security Engineering Intern at DataForge 2 in Gurugram. Focus on security projects with Secure Coding, OAuth, Threat Modeling, IAM, Communication."
Product Analytics Intern,NextGen Systems 2,Kolkata,"Power BI, A/B Testing, Statistics, Tableau, Excel, FastAPI",Analytics,27000,5 months,"Product Analytics Intern at NextGen Systems 2 in Kolkata. Focus on analytics projects with Power BI, A/B Testing, Statistics, Tableau, Excel."
Machine Learning Intern,InnoSoft 2,Bangalore,"pandas, TensorFlow, Matplotlib, PyTorch, NumPy, Python, CI/CD, Communication",AI/ML,28000,2 months,"Machine Learning Intern at InnoSoft 2 in Bangalore. Focus on ai/ml projects with pandas, TensorFlow, Matplotlib, PyTorch, NumPy."
Data Science Intern,BrightEdge 2,Hyderabad,"pandas, Visualization, Python, Tableau, Statistics",Data Science,29000,3 months,"Data Science Intern at BrightEdge 2 in Hyderabad. Focus on data science projects with pandas, Visualization, Python, Tableau, Statistics."
NLP Research Intern,NexusAI 2,Pune,"spaCy, RAG, Embeddings, NLTK, Prompt Engineering, Python",NLP,30000,4 months,"NLP Research Intern at NexusAI 2 in Pune. Focus on nlp projects with spaCy, RAG, Embeddings, NLTK, Prompt Engineering."
Backend Developer Intern,QuantifyX 2,Chennai,"Microservices, FastAPI, REST APIs, Python, Django, Docker, PostgreSQL",Backend,31000,5 months,"Backend Developer Intern at QuantifyX 2 in Chennai. Focus on backend projects with Microservices, FastAPI, REST APIs, Python, Django."
Frontend Developer Intern,TechCorp 3,Remote,"TypeScript, React, Tailwind CSS, UI/UX, AWS, Bash",Frontend,32000,2 months,"Frontend Developer Intern at TechCorp 3 in Remote. Focus on frontend projects with TypeScript, React, Tailwind CSS, UI/UX, AWS."
DevOps Intern,Analytics Hub 3,Delhi,"AWS, Docker, Terraform, CI/CD, Monitoring, Kubernetes",DevOps,8000,3 months,"DevOps Intern at Analytics Hub 3 in Delhi. Focus on devops projects with AWS, Docker, Terraform, CI/CD, Monitoring."
Cloud Engineering Intern,AI Lab 3,Mumbai,"Terraform, Azure, Linux, Docker, GCP, AWS, REST APIs, CI/CD",Cloud,9000,4 months,"Cloud Engineering Intern at AI Lab 3 in Mumbai. Focus on cloud projects with Terraform, Azure, Linux, Docker, GCP."
Computer Vision Intern,StartupXYZ 3,Noida,"Image Processing, PyTorch, OpenCV, CNN, BERT, CI/CD",Computer Vision,10000,5 months,"Computer Vision Intern at StartupXYZ 3 in Noida. Focus on computer vision projects with Image Processing, PyTorch, OpenCV, CNN, BERT."
Security Engineering Intern,VisionTech 3,Gurugram,"Network Security, IAM, SAST, Threat Modeling, OAuth, Analytical Thinking, Bash",Security,11000,2 months,"Security Engineering Intern at VisionTech 3 in Gurugram. Focus on security projects with Network Security, IAM, SAST, Threat Modeling, OAuth."
Product Analytics Intern,CloudNine 3,Kolkata,"Excel, SQL, Tableau, Statistics, Power BI, A/B Testing, Airflow",Analytics,12000,3 months,"Product Analytics Intern at CloudNine 3 in Kolkata. Focus on analytics projects with Excel, SQL, Tableau, Statistics, Power BI."
Machine Learning Intern,DataForge 3,Bangalore,"Python, scikit-learn, A/B Testing, Matplotlib, CNN, Airflow",AI/ML,13000,4 months,"Machine Learning Intern at DataForge 3 in Bangalore. Focus on ai/ml projects with Python, scikit-learn, A/B Testing, Matplotlib, CNN."
Data Science Intern,NextGen Systems 3,Hyderabad,"Spark, NumPy, pandas, Tableau, Visualization",Data Science,14000,5 months,"Data Science Intern at NextGen Systems 3 in Hyderabad. Focus on data science projects with Spark, NumPy, pandas, Tableau, Visualization."
NLP Research Intern,InnoSoft 3,Pune,"Prompt Engineering, spaCy, Transformers, Embeddings, RAG, Python",NLP,15000,2 months,"NLP Research Intern at InnoSoft 3 in Pune. Focus on nlp projects with Prompt Engineering, spaCy, Transformers, Embeddings, RAG."
Backend Developer Intern,BrightEdge 3,Chennai,"Django, PostgreSQL, Docker, REST APIs, Kubernetes, AWS",Backend,16000,3 months,"Backend Developer Intern at BrightEdge 3 in Chennai. Focus on backend projects with Django, PostgreSQL, Docker, REST APIs, Kubernetes."
Frontend Developer Intern,NexusAI 3,Remote,"JavaScript, CSS, Tailwind CSS, UI/UX, HTML, Celery, CNN",Frontend,17000,4 months,"Frontend Developer Intern at NexusAI 3 in Remote. Focus on frontend projects with JavaScript, CSS, Tailwind CSS, UI/UX, HTML."
DevOps Intern,QuantifyX 3,Delhi,"Monitoring, Docker, Kubernetes, AWS, Terraform, CI/CD, Linux, PostgreSQL",DevOps,18000,5 months,"DevOps Intern at QuantifyX 3 in Delhi. Focus on devops projects with Monitoring, Docker, Kubernetes, AWS, Terraform."
Cloud Engineering Intern,TechCorp 4,Mumbai,"Azure, GCP, Docker, Terraform, Kubernetes",Cloud,19000,2 months,"Cloud Engineering Intern at TechCorp 4 in Mumbai. Focus on cloud projects with Azure, GCP, Docker, Terraform, Kubernetes."
Computer Vision Intern,Analytics Hub 4,Noida,"PyTorch, Image Processing, Python, Object Detection, CNN, Airflow, Bash",Computer Vision,20000,3 months,"Computer Vision Intern at Analytics Hub 4 in Noida. Focus on computer vision projects with PyTorch, Image Processing, Python, Object Detection, CNN."
Security Engineering Intern,AI Lab 4,Gurugram,"OAuth, Network Security, Threat Modeling, SAST, Secure Coding, IAM, AWS, Azure",Security,21000,4 months,"Security Engineering Intern at AI Lab 4 in Gurugram. Focus on security projects with OAuth, Network Security, Threat Modeling, SAST, Secure Coding."
Product Analytics Intern,StartupXYZ 4,Kolkata,"Power BI, SQL, A/B Testing, Excel, Django, CI/CD",Analytics,22000,5 months,"Product Analytics Intern at StartupXYZ 4 in Kolkata. Focus on analytics projects with Power BI, SQL, A/B Testing, Excel, Django."
Machine Learning Intern,VisionTech 4,Bangalore,"Matplotlib, Feature Engineering, pandas, A/B Testing, NumPy, BERT, AWS",AI/ML,23000,2 months,"Machine Learning Intern at VisionTech 4 in Bangalore. Focus on ai/ml projects with Matplotlib, Feature Engineering, pandas, A/B Testing, NumPy."
Data Science Intern,CloudNine 4,Hyderabad,"Spark, Python, Tableau, pandas, Visualization, Statistics, NumPy",Data Science,24000,3 months,"Data Science Intern at CloudNine 4 in Hyderabad. Focus on data science projects with Spark, Python, Tableau, pandas, Visualization."
NLP Research Intern,DataForge 4,Pune,"NLTK, Python, BERT, RAG, Embeddings, Transformers",NLP,25000,4 months,"NLP Research Intern at DataForge 4 in Pune. Focus on nlp projects with NLTK, Python, BERT, RAG, Embeddings."
Backend Developer Intern,NextGen Systems 4,Chennai,"REST APIs, Python, FastAPI, PostgreSQL, Docker, CI/CD, Linux",Backend,26000,5 months,"Backend Developer Intern at NextGen Systems 4 in Chennai. Focus on backend projects with REST APIs, Python, FastAPI, PostgreSQL, Docker."
Frontend Developer Intern,InnoSoft 4,Remote,"JavaScript, HTML, UI/UX, Next.js, React, TypeScript, BERT, CNN",Frontend,27000,2 months,"Frontend Developer Intern at InnoSoft 4 in Remote. Focus on frontend projects with JavaScript, HTML, UI/UX, Next.js, React."
DevOps Intern,BrightEdge 4,Delhi,"Kubernetes, Linux, CI/CD, Monitoring, AWS",DevOps,28000,3 months,"DevOps Intern at BrightEdge 4 in Delhi. Focus on devops projects with Kubernetes, Linux, CI/CD, Monitoring, AWS."
Cloud Engineering Intern,NexusAI 4,Mumbai,"GCP, Docker, Terraform, AWS, Linux, PostgreSQL, CI/CD",Cloud,29000,4 months,"Cloud Engineering Intern at NexusAI 4 in Mumbai. Focus on cloud projects with GCP, Docker, Terraform, AWS, Linux."
Computer Vision Intern,QuantifyX 4,Noida,"Image Processing, Python, Object Detection, CNN, PyTorch, OpenCV, Ansible, CSS",Computer Vision,30000,5 months,"Computer Vision Intern at QuantifyX 4 in Noida. Focus on computer vision projects with Image Processing, Python, Object Detection, CNN, PyTorch."
Security Engineering Intern,TechCorp 5,Gurugram,"Secure Coding, OAuth, IAM, Threat Modeling, Azure, Django",Security,31000,2 months,"Security Engineering Intern at TechCorp 5 in Gurugram. Focus on security projects with Secure Coding, OAuth, IAM, Threat Modeling, Azure."
Product Analytics Intern,Analytics Hub 5,Kolkata,"Statistics, Tableau, SQL, A/B Testing, Excel, Analytical Thinking, Ansible",Analytics,32000,3 months,"Product Analytics Intern at Analytics Hub 5 in Kolkata. Focus on analytics projects with Statistics, Tableau, SQL, A/B Testing, Excel."
Machine Learning Intern,AI Lab 5,Bangalore,"TensorFlow, pandas, Python, PyTorch, A/B Testing, Feature Engineering, C++, CI/CD",AI/ML,8000,4 months,"Machine Learning Intern at AI Lab 5 in Bangalore. Focus on ai/ml projects with TensorFlow, pandas, Python, PyTorch, A/B Testing."
Data Science Intern,StartupXYZ 5,Hyderabad,"NumPy, Tableau, SQL, Visualization, Statistics, pandas",Data Science,9000,5 months,"Data Science Intern at StartupXYZ 5 in Hyderabad. Focus on data science projects with NumPy, Tableau, SQL, Visualization, Statistics."
NLP Research Intern,VisionTech 5,Pune,"BERT, RAG, Python, Embeddings, Transformers",NLP,10000,2 months,"NLP Research Intern at VisionTech 5 in Pune. Focus on nlp projects with BERT, RAG, Python, Embeddings, Transformers."
Backend Developer Intern,CloudNine 5,Chennai,"Python, Django, FastAPI, Docker, Microservices, REST APIs, CI/CD, AWS",Backend,11000,3 months,"Backend Developer Intern at CloudNine 5 in Chennai. Focus on backend projects with Python, Django, FastAPI, Docker, Microservices."
Frontend Developer Intern,DataForge 5,Remote,"Tailwind CSS, HTML, JavaScript, CSS, Airflow, Ansible",Frontend,12000,4 months,"Frontend Developer Intern at DataForge 5 in Remote. Focus on frontend projects with Tailwind CSS, HTML, JavaScript, CSS, Airflow."
DevOps Intern,NextGen Systems 5,Delhi,"AWS, Docker, Linux, Kubernetes, CI/CD",DevOps,13000,5 months,"DevOps Intern at NextGen Systems 5 in Delhi. Focus on devops projects with AWS, Docker, Linux, Kubernetes, CI/CD."
Cloud Engineering Intern,InnoSoft 5,Mumbai,"GCP, Terraform, AWS, Linux, Kubernetes, Docker",Cloud,14000,2 months,"Cloud Engineering Intern at InnoSoft 5 in Mumbai. Focus on cloud projects with GCP, Terraform, AWS, Linux, Kubernetes."
Computer Vision Intern,BrightEdge 5,Noida,"CNN, Image Processing, PyTorch, Object Detection, Ansible, Bash",Computer Vision,15000,3 months,"Computer Vision Intern at BrightEdge 5 in Noida. Focus on computer vision projects with CNN, Image Processing, PyTorch, Object Detection, Ansible."
Security Engineering Intern,NexusAI 5,Gurugram,"OAuth, SAST, Network Security, Secure Coding, IAM, CNN, Communication",Security,16000,4 months,"Security Engineering Intern at NexusAI 5 in Gurugram. Focus on security projects with OAuth, SAST, Network Security, Secure Coding, IAM."
Product Analytics Intern,QuantifyX 5,Kolkata,"A/B Testing, Excel, Tableau, SQL, Power BI, Statistics, AWS, Docker",Analytics,17000,5 months,"Product Analytics Intern at QuantifyX 5 in Kolkata. Focus on analytics projects with A/B Testing, Excel, Tableau, SQL, Power BI."
Machine Learning Intern,TechCorp 6,Bangalore,"scikit-learn, A/B Testing, Matplotlib, Feature Engineering, CSS, CI/CD",AI/ML,18000,2 months,"Machine Learning Intern at TechCorp 6 in Bangalore. Focus on ai/ml projects with scikit-learn, A/B Testing, Matplotlib, Feature Engineering, CSS."
Data Science Intern,Analytics Hub 6,Hyderabad,"NumPy, Spark, Python, Tableau, SQL, pandas, Statistics",Data Science,19000,3 months,"Data Science Intern at Analytics Hub 6 in Hyderabad. Focus on data science projects with NumPy, Spark, Python, Tableau, SQL."
NLP Research Intern,AI Lab 6,Pune,"BERT, RAG, Python, NLTK, Prompt Engineering, Transformers",NLP,20000,4 months,"NLP Research Intern at AI Lab 6 in Pune. Focus on nlp projects with BERT, RAG, Python, NLTK, Prompt Engineering."
Backend Developer Intern,StartupXYZ 6,Chennai,"Docker, REST APIs, Django, Python",Backend,21000,5 months,"Backend Developer Intern at StartupXYZ 6 in Chennai. Focus on backend projects with Docker, REST APIs, Django, Python."
Frontend Developer Intern,VisionTech 6,Remote,"React, HTML, UI/UX, JavaScript, Tailwind CSS, Flask, Communication",Frontend,22000,2 months,"Frontend Developer Intern at VisionTech 6 in Remote. Focus on frontend projects with React, HTML, UI/UX, JavaScript, Tailwind CSS."
DevOps Intern,CloudNine 6,Delhi,"Linux, Terraform, Monitoring, CI/CD, AWS, Docker, PostgreSQL",DevOps,23000,3 months,"DevOps Intern at CloudNine 6 in Delhi. Focus on devops projects with Linux, Terraform, Monitoring, CI/CD, AWS."
Cloud Engineering Intern,DataForge 6,Mumbai,"Azure, GCP, AWS, Docker, CI/CD",Cloud,24000,4 months,"Cloud Engineering Intern at DataForge 6 in Mumbai. Focus on cloud projects with Azure, GCP, AWS, Docker, CI/CD."
Computer Vision Intern,NextGen Systems 6,Noida,"Image Processing, OpenCV, CNN, Object Detection, Python, Flask",Computer Vision,25000,5 months,"Computer Vision Intern at NextGen Systems 6 in Noida. Focus on computer vision projects with Image Processing, OpenCV, CNN, Object Detection, Python."
Security Engineering Intern,InnoSoft 6,Gurugram,"SAST, Secure Coding, IAM, Network Security, OAuth, Threat Modeling, CNN, Celery",Security,26000,2 months,"Security Engineering Intern at InnoSoft 6 in Gurugram. Focus on security projects with SAST, Secure Coding, IAM, Network Security, OAuth."
Product Analytics Intern,BrightEdge 6,Kolkata,"A/B Testing, Tableau, Excel, SQL, Communication, Celery",Analytics,27000,3 months,"Product Analytics Intern at BrightEdge 6 in Kolkata. Focus on analytics projects with A/B Testing, Tableau, Excel, SQL, Communication."
Machine Learning Intern,NexusAI 6,Bangalore,"NumPy, TensorFlow, scikit-learn, Feature Engineering, Python, CI/CD, Flask",AI/ML,28000,4 months,"Machine Learning Intern at NexusAI 6 in Bangalore. Focus on ai/ml projects with NumPy, TensorFlow, scikit-learn, Feature Engineering, Python."
Data Science Intern,QuantifyX 6,Hyderabad,"NumPy, Power BI, Visualization, Statistics, Tableau, pandas",Data Science,29000,5 months,"Data Science Intern at QuantifyX 6 in Hyderabad. Focus on data science projects with NumPy, Power BI, Visualization, Statistics, Tableau."
NLP Research Intern,TechCorp 7,Pune,"Prompt Engineering, Embeddings, spaCy, BERT, RAG",NLP,30000,2 months,"NLP Research Intern at TechCorp 7 in Pune. Focus on nlp projects with Prompt Engineering, Embeddings, spaCy, BERT, RAG."
Backend Developer Intern,Analytics Hub 7,Chennai,"Docker, Python, Django, REST APIs, Microservices, Kubernetes, Linux",Backend,31000,3 months,"Backend Developer Intern at Analytics Hub 7 in Chennai. Focus on backend projects with Docker, Python, Django, REST APIs, Microservices."
Frontend Developer Intern,AI Lab 7,Remote,"HTML, TypeScript, Tailwind CSS, CSS, JavaScript, Next.js, Bash, Docker",Frontend,32000,4 months,"Frontend Developer Intern at AI Lab 7 in Remote. Focus on frontend projects with HTML, TypeScript, Tailwind CSS, CSS, JavaScript."
DevOps Intern,StartupXYZ 7,Delhi,"AWS, Docker, CI/CD, Monitoring",DevOps,8000,5 months,"DevOps Intern at StartupXYZ 7 in Delhi. Focus on devops projects with AWS, Docker, CI/CD, Monitoring."
Cloud Engineering Intern,VisionTech 7,Mumbai,"Azure, Linux, Docker, Kubernetes, Terraform",Cloud,9000,2 months,"Cloud Engineering Intern at VisionTech 7 in Mumbai. Focus on cloud projects with Azure, Linux, Docker, Kubernetes, Terraform."
Computer Vision Intern,CloudNine 7,Noida,"Object Detection, Python, Image Processing, OpenCV, PyTorch, CNN, Embeddings, Django",Computer Vision,10000,3 months,"Computer Vision Intern at CloudNine 7 in Noida. Focus on computer vision projects with Object Detection, Python, Image Processing, OpenCV, PyTorch."
Security Engineering Intern,DataForge 7,Gurugram,"Secure Coding, Threat Modeling, OAuth, SAST, Django, Ansible",Security,11000,4 months,"Security Engineering Intern at DataForge 7 in Gurugram. Focus on security projects with Secure Coding, Threat Modeling, OAuth, SAST, Django."
Product Analytics Intern,NextGen Systems 7,Kolkata,"Power BI, Statistics, Tableau, Excel, A/B Testing, FastAPI, Django",Analytics,12000,5 months,"Product Analytics Intern at NextGen Systems 7 in Kolkata. Focus on analytics projects with Power BI, Statistics, Tableau, Excel, A/B Testing."
Machine Learning Intern,InnoSoft 7,Bangalore,"NumPy, Feature Engineering, scikit-learn, A/B Testing, pandas, PyTorch, Embeddings, Docker",AI/ML,13000,2 months,"Machine Learning Intern at InnoSoft 7 in Bangalore. Focus on ai/ml projects with NumPy, Feature Engineering, scikit-learn, A/B Testing, pandas."
Data Science Intern,BrightEdge 7,Hyderabad,"NumPy, Statistics, Spark, Python, Tableau",Data Science,14000,3 months,"Data Science Intern at BrightEdge 7 in Hyderabad. Focus on data science projects with NumPy, Statistics, Spark, Python, Tableau."
NLP Research Intern,NexusAI 7,Pune,"BERT, NLTK, RAG, Prompt Engineering, Python, Embeddings",NLP,15000,4 months,"NLP Research Intern at NexusAI 7 in Pune. Focus on nlp projects with BERT, NLTK, RAG, Prompt Engineering, Python."
Backend Developer Intern,QuantifyX 7,Chennai,"FastAPI, PostgreSQL, Microservices, REST APIs, Python, Docker",Backend,16000,5 months,"Backend Developer Intern at QuantifyX 7 in Chennai. Focus on backend projects with FastAPI, PostgreSQL, Microservices, REST APIs, Python."
Frontend Developer Intern,TechCorp 8,Remote,"UI/UX, Next.js, JavaScript, TypeScript, Communication, Celery",Frontend,17000,2 months,"Frontend Developer Intern at TechCorp 8 in Remote. Focus on frontend projects with UI/UX, Next.js, JavaScript, TypeScript, Communication."
DevOps Intern,Analytics Hub 8,Delhi,"Monitoring, AWS, Docker, CI/CD, Kubernetes, REST APIs",DevOps,18000,3 months,"DevOps Intern at Analytics Hub 8 in Delhi. Focus on devops projects with Monitoring, AWS, Docker, CI/CD, Kubernetes."
Cloud Engineering Intern,AI Lab 8,Mumbai,"GCP, Docker, Linux, Azure, Kubernetes, AWS, REST APIs, PostgreSQL",Cloud,19000,4 months,"Cloud Engineering Intern at AI Lab 8 in Mumbai. Focus on cloud projects with GCP, Docker, Linux, Azure, Kubernetes."
Computer Vision Intern,StartupXYZ 8,Noida,"PyTorch, Python, Object Detection, OpenCV, Celery, Azure",Computer Vision,20000,5 months,"Computer Vision Intern at StartupXYZ 8 in Noida. Focus on computer vision projects with PyTorch, Python, Object Detection, OpenCV, Celery."
Security Engineering Intern,VisionTech 8,Gurugram,"Network Security, OAuth, Secure Coding, Threat Modeling, SAST, Airflow, Communication",Security,21000,2 months,"Security Engineering Intern at VisionTech 8 in Gurugram. Focus on security projects with Network Security, OAuth, Secure Coding, Threat Modeling, SAST."
Product Analytics Intern,CloudNine 8,Kolkata,"Excel, Power BI, A/B Testing, SQL, Statistics, Tableau, CNN, BERT",Analytics,22000,3 months,"Product Analytics Intern at CloudNine 8 in Kolkata. Focus on analytics projects with Excel, Power BI, A/B Testing, SQL, Statistics."
Machine Learning Intern,DataForge 8,Bangalore,"Feature Engineering, PyTorch, NumPy, scikit-learn, C++, Communication",AI/ML,23000,4 months,"Machine Learning Intern at DataForge 8 in Bangalore. Focus on ai/ml projects with Feature Engineering, PyTorch, NumPy, scikit-learn, C++."
Data Science Intern,NextGen Systems 8,Hyderabad,"Statistics, SQL, NumPy, Python, Spark",Data Science,24000,5 months,"Data Science Intern at NextGen Systems 8 in Hyderabad. Focus on data science projects with Statistics, SQL, NumPy, Python, Spark."
NLP Research Intern,InnoSoft 8,Pune,"Transformers, Embeddings, Python, RAG, BERT, Prompt Engineering",NLP,25000,2 months,"NLP Research Intern at InnoSoft 8 in Pune. Focus on nlp projects with Transformers, Embeddings, Python, RAG, BERT."
Backend Developer Intern,BrightEdge 8,Chennai,"REST APIs, FastAPI, Docker, Microservices, PostgreSQL, AWS",Backend,26000,3 months,"Backend Developer Intern at BrightEdge 8 in Chennai. Focus on backend projects with REST APIs, FastAPI, Docker, Microservices, PostgreSQL."
Frontend Developer Intern,NexusAI 8,Remote,"TypeScript, HTML, UI/UX, Next.js, React, CSS, Azure",Frontend,27000,4 months,"Frontend Developer Intern at NexusAI 8 in Remote. Focus on frontend projects with TypeScript, HTML, UI/UX, Next.js, React."
DevOps Intern,QuantifyX 8,Delhi,"AWS, Monitoring, Docker, Kubernetes, CI/CD, Terraform",DevOps,28000,5 months,"DevOps Intern at QuantifyX 8 in Delhi. Focus on devops projects with AWS, Monitoring, Docker, Kubernetes, CI/CD."
Cloud Engineering Intern,TechCorp 9,Mumbai,"GCP, Kubernetes, Docker, Linux, AWS",Cloud,29000,2 months,"Cloud Engineering Intern at TechCorp 9 in Mumbai. Focus on cloud projects with GCP, Kubernetes, Docker, Linux, AWS."
Computer Vision Intern,Analytics Hub 9,Noida,"Python, Image Processing, OpenCV, Object Detection, PyTorch, Flask, Analytical Thinking",Computer Vision,30000,3 months,"Computer Vision Intern at Analytics Hub 9 in Noida. Focus on computer vision projects with Python, Image Processing, OpenCV, Object Detection, PyTorch."
Security Engineering Intern,AI Lab 9,Gurugram,"Threat Modeling, Secure Coding, IAM, Network Security, OAuth, SAST, Airflow, Embeddings",Security,31000,4 months,"Security Engineering Intern at AI Lab 9 in Gurugram. Focus on security projects with Threat Modeling, Secure Coding, IAM, Network Security, OAuth."
Product Analytics Intern,StartupXYZ 9,Kolkata,"A/B Testing, Tableau, SQL, Excel, Docker, Analytical Thinking",Analytics,32000,5 months,"Product Analytics Intern at StartupXYZ 9 in Kolkata. Focus on analytics projects with A/B Testing, Tableau, SQL, Excel, Docker."
Machine Learning Intern,VisionTech 9,Bangalore,"Matplotlib, PyTorch, Feature Engineering, scikit-learn, pandas, Communication, Azure",AI/ML,8000,2 months,"Machine Learning Intern at VisionTech 9 in Bangalore. Focus on ai/ml projects with Matplotlib, PyTorch, Feature Engineering, scikit-learn, pandas."
Data Science Intern,CloudNine 9,Hyderabad,"Spark, Statistics, Visualization, Power BI, NumPy, Tableau, pandas",Data Science,9000,3 months,"Data Science Intern at CloudNine 9 in Hyderabad. Focus on data science projects with Spark, Statistics, Visualization, Power BI, NumPy."
NLP Research Intern,DataForge 9,Pune,"Embeddings, RAG, spaCy, Python",NLP,10000,4 months,"NLP Research Intern at DataForge 9 in Pune. Focus on nlp projects with Embeddings, RAG, spaCy, Python."
Backend Developer Intern,NextGen Systems 9,Chennai,"FastAPI, PostgreSQL, REST APIs, Docker, Microservices",Backend,11000,5 months,"Backend Developer Intern at NextGen Systems 9 in Chennai. Focus on backend projects with FastAPI, PostgreSQL, REST APIs, Docker, Microservices."
Frontend Developer Intern,InnoSoft 9,Remote,"CSS, TypeScript, Next.js, Tailwind CSS, React, HTML, CNN, C++",Frontend,12000,2 months,"Frontend Developer Intern at InnoSoft 9 in Remote. Focus on frontend projects with CSS, TypeScript, Next.js, Tailwind CSS, React."
DevOps Intern,BrightEdge 9,Delhi,"AWS, Terraform, Linux, Docker, CI/CD",DevOps,13000,3 months,"DevOps Intern at BrightEdge 9 in Delhi. Focus on devops projects with AWS, Terraform, Linux, Docker, CI/CD."
Cloud Engineering Intern,NexusAI 9,Mumbai,"AWS, Azure, Docker, Kubernetes, GCP, Linux",Cloud,14000,4 months,"Cloud Engineering Intern at NexusAI 9 in Mumbai. Focus on cloud projects with AWS, Azure, Docker, Kubernetes, GCP."
Computer Vision Intern,QuantifyX 9,Noida,"Object Detection, PyTorch, Image Processing, OpenCV, Python, CNN, CI/CD, Bash",Computer Vision,15000,5 months,"Computer Vision Intern at QuantifyX 9 in Noida. Focus on computer vision projects with Object Detection, PyTorch, Image Processing, OpenCV, Python."
Security Engineering Intern,TechCorp 10,Gurugram,"Network Security, OAuth, IAM, SAST, Feature Engineering, CSS",Security,16000,2 months,"Security Engineering Intern at TechCorp 10 in Gurugram. Focus on security projects with Network Security, OAuth, IAM, SAST, Feature Engineering."
Product Analytics Intern,Analytics Hub 10,Kolkata,"Power BI, Statistics, Tableau, Excel, A/B Testing, CSS, Django",Analytics,17000,3 months,"Product Analytics Intern at Analytics Hub 10 in Kolkata. Focus on analytics projects with Power BI, Statistics, Tableau, Excel, A/B Testing."
Machine Learning Intern,AI Lab 10,Bangalore,"TensorFlow, A/B Testing, NumPy, pandas, Python, PyTorch, CNN, Analytical Thinking",AI/ML,18000,4 months,"Machine Learning Intern at AI Lab 10 in Bangalore. Focus on ai/ml projects with TensorFlow, A/B Testing, NumPy, pandas, Python."
Data Science Intern,StartupXYZ 10,Hyderabad,"Spark, pandas, SQL, Power BI, Statistics",Data Science,19000,5 months,"Data Science Intern at StartupXYZ 10 in Hyderabad. Focus on data science projects with Spark, pandas, SQL, Power BI, Statistics."
NLP Research Intern,VisionTech 10,Pune,"BERT, Python, spaCy, NLTK, Embeddings",NLP,20000,2 months,"NLP Research Intern at VisionTech 10 in Pune. Focus on nlp projects with BERT, Python, spaCy, NLTK, Embeddings."
Backend Developer Intern,CloudNine 10,Chennai,"Django, Python, REST APIs, FastAPI, PostgreSQL, Docker, CI/CD",Backend,21000,3 months,"Backend Developer Intern at CloudNine 10 in Chennai. Focus on backend projects with Django, Python, REST APIs, FastAPI, PostgreSQL."
Frontend Developer Intern,DataForge 10,Remote,"HTML, CSS, TypeScript, Next.js, Analytical Thinking, A/B Testing",Frontend,22000,4 months,"Frontend Developer Intern at DataForge 10 in Remote. Focus on frontend projects with HTML, CSS, TypeScript, Next.js, Analytical Thinking."
DevOps Intern,NextGen Systems 10,Delhi,"AWS, Linux, CI/CD, Monitoring, Kubernetes, REST APIs",DevOps,23000,5 months,"DevOps Intern at NextGen Systems 10 in Delhi. Focus on devops projects with AWS, Linux, CI/CD, Monitoring, Kubernetes."
Cloud Engineering Intern,InnoSoft 10,Mumbai,"AWS, GCP, Docker, Terraform, Kubernetes, Azure, PostgreSQL",Cloud,24000,2 months,"Cloud Engineering Intern at InnoSoft 10 in Mumbai. Focus on cloud projects with AWS, GCP, Docker, Terraform, Kubernetes."
Computer Vision Intern,BrightEdge 10,Noida,"Image Processing, Python, OpenCV, Object Detection, Feature Engineering, CI/CD",Computer Vision,25000,3 months,"Computer Vision Intern at BrightEdge 10 in Noida. Focus on computer vision projects with Image Processing, Python, OpenCV, Object Detection, Feature Engineering."
Security Engineering Intern,NexusAI 10,Gurugram,"Secure Coding, OAuth, SAST, IAM, Threat Modeling, Flask, Bash",Security,26000,4 months,"Security Engineering Intern at NexusAI 10 in Gurugram. Focus on security projects with Secure Coding, OAuth, SAST, IAM, Threat Modeling."
Product Analytics Intern,QuantifyX 10,Kolkata,"Statistics, Power BI, A/B Testing, Excel, Tableau, SQL, CI/CD, Feature Engineering",Analytics,27000,5 months,"Product Analytics Intern at QuantifyX 10 in Kolkata. Focus on analytics projects with Statistics, Power BI, A/B Testing, Excel, Tableau."
Machine Learning Intern,TechCorp 11,Bangalore,"Python, pandas, Matplotlib, Feature Engineering, BERT, C++",AI/ML,28000,2 months,"Machine Learning Intern at TechCorp 11 in Bangalore. Focus on ai/ml projects with Python, pandas, Matplotlib, Feature Engineering, BERT."
Data Science Intern,Analytics Hub 11,Hyderabad,"SQL, pandas, Spark, Power BI, Statistics, Tableau",Data Science,29000,3 months,"Data Science Intern at Analytics Hub 11 in Hyderabad. Focus on data science projects with SQL, pandas, Spark, Power BI, Statistics."
NLP Research Intern,AI Lab 11,Pune,"Python, Transformers, RAG, BERT, Embeddings, spaCy",NLP,30000,4 months,"NLP Research Intern at AI Lab 11 in Pune. Focus on nlp projects with Python, Transformers, RAG, BERT, Embeddings."
Backend Developer Intern,StartupXYZ 11,Chennai,"Django, Docker, Microservices, PostgreSQL, AWS",Backend,31000,5 months,"Backend Developer Intern at StartupXYZ 11 in Chennai. Focus on backend projects with Django, Docker, Microservices, PostgreSQL, AWS."
Frontend Developer Intern,VisionTech 11,Remote,"Next.js, React, CSS, HTML, TypeScript, Communication, Analytical Thinking",Frontend,32000,2 months,"Frontend Developer Intern at VisionTech 11 in Remote. Focus on frontend projects with Next.js, React, CSS, HTML, TypeScript."
DevOps Intern,CloudNine 11,Delhi,"AWS, Kubernetes, Terraform, Linux, Docker, CI/CD",DevOps,8000,3 months,"DevOps Intern at CloudNine 11 in Delhi. Focus on devops projects with AWS, Kubernetes, Terraform, Linux, Docker."
Cloud Engineering Intern,DataForge 11,Mumbai,"Terraform, GCP, Kubernetes, Linux, PostgreSQL, Docker",Cloud,9000,4 months,"Cloud Engineering Intern at DataForge 11 in Mumbai. Focus on cloud projects with Terraform, GCP, Kubernetes, Linux, PostgreSQL."
Computer Vision Intern,NextGen Systems 11,Noida,"PyTorch, CNN, Object Detection, OpenCV, Image Processing, Django, Airflow",Computer Vision,10000,5 months,"Computer Vision Intern at NextGen Systems 11 in Noida. Focus on computer vision projects with PyTorch, CNN, Object Detection, OpenCV, Image Processing."
Security Engineering Intern,InnoSoft 11,Gurugram,"Threat Modeling, Secure Coding, Network Security, IAM, OAuth, SAST, A/B Testing, Airflow",Security,11000,2 months,"Security Engineering Intern at InnoSoft 11 in Gurugram. Focus on security projects with Threat Modeling, Secure Coding, Network Security, IAM, OAuth."
Product Analytics Intern,BrightEdge 11,Kolkata,"Excel, Statistics, SQL, Tableau, C++, Feature Engineering",Analytics,12000,3 months,"Product Analytics Intern at BrightEdge 11 in Kolkata. Focus on analytics projects with Excel, Statistics, SQL, Tableau, C++."
Machine Learning Intern,NexusAI 11,Bangalore,"Python, NumPy, scikit-learn, TensorFlow, Matplotlib, C++, Azure",AI/ML,13000,4 months,"Machine Learning Intern at NexusAI 11 in Bangalore. Focus on ai/ml projects with Python, NumPy, scikit-learn, TensorFlow, Matplotlib."
Data Science Intern,QuantifyX 11,Hyderabad,"Power BI, Visualization, Python, NumPy, pandas, Tableau, Statistics",Data Science,14000,5 months,"Data Science Intern at QuantifyX 11 in Hyderabad. Focus on data science projects with Power BI, Visualization, Python, NumPy, pandas."
NLP Research Intern,TechCorp 12,Pune,"spaCy, RAG, Prompt Engineering, NLTK",NLP,15000,2 months,"NLP Research Intern at TechCorp 12 in Pune. Focus on nlp projects with spaCy, RAG, Prompt Engineering, NLTK."
Backend Developer Intern,Analytics Hub 12,Chennai,"Django, Docker, PostgreSQL, Python, FastAPI, REST APIs",Backend,16000,3 months,"Backend Developer Intern at Analytics Hub 12 in Chennai. Focus on backend projects with Django, Docker, PostgreSQL, Python, FastAPI."
Frontend Developer Intern,AI Lab 12,Remote,"HTML, React, JavaScript, Next.js, CSS, Tailwind CSS, FastAPI, Django",Frontend,17000,4 months,"Frontend Developer Intern at AI Lab 12 in Remote. Focus on frontend projects with HTML, React, JavaScript, Next.js, CSS."
DevOps Intern,StartupXYZ 12,Delhi,"CI/CD, Docker, Kubernetes, Linux, PostgreSQL",DevOps,18000,5 months,"DevOps Intern at StartupXYZ 12 in Delhi. Focus on devops projects with CI/CD, Docker, Kubernetes, Linux, PostgreSQL."
Cloud Engineering Intern,VisionTech 12,Mumbai,"Linux, Docker, AWS, Azure, Terraform, CI/CD",Cloud,19000,2 months,"Cloud Engineering Intern at VisionTech 12 in Mumbai. Focus on cloud projects with Linux, Docker, AWS, Azure, Terraform."
Computer Vision Intern,CloudNine 12,Noida,"CNN, PyTorch, Image Processing, Python, Object Detection, OpenCV, Azure, CI/CD",Computer Vision,20000,3 months,"Computer Vision Intern at CloudNine 12 in Noida. Focus on computer vision projects with CNN, PyTorch, Image Processing, Python, Object Detection."
Security Engineering Intern,DataForge 12,Gurugram,"Threat Modeling, Secure Coding, Network Security, SAST, Bash, Analytical Thinking",Security,21000,4 months,"Security Engineering Intern at DataForge 12 in Gurugram. Focus on security projects with Threat Modeling, Secure Coding, Network Security, SAST, Bash."
Product Analytics Intern,NextGen Systems 12,Kolkata,"Power BI, SQL, Excel, A/B Testing, Tableau, Embeddings, C++",Analytics,22000,5 months,"Product Analytics Intern at NextGen Systems 12 in Kolkata. Focus on analytics projects with Power BI, SQL, Excel, A/B Testing, Tableau."
Machine Learning Intern,InnoSoft 12,Bangalore,"Matplotlib, Feature Engineering, scikit-learn, pandas, A/B Testing, PyTorch, Celery, BERT",AI/ML,23000,2 months,"Machine Learning Intern at InnoSoft 12 in Bangalore. Focus on ai/ml projects with Matplotlib, Feature Engineering, scikit-learn, pandas, A/B Testing."
Data Science Intern,BrightEdge 12,Hyderabad,"Spark, pandas, Power BI, Python, Statistics",Data Science,24000,3 months,"Data Science Intern at BrightEdge 12 in Hyderabad. Focus on data science projects with Spark, pandas, Power BI, Python, Statistics."
NLP Research Intern,NexusAI 12,Pune,"Embeddings, RAG, BERT, NLTK, Python, Prompt Engineering",NLP,25000,4 months,"NLP Research Intern at NexusAI 12 in Pune. Focus on nlp projects with Embeddings, RAG, BERT, NLTK, Python."
Backend Developer Intern,QuantifyX 12,Chennai,"Microservices, REST APIs, Docker, PostgreSQL, Python, FastAPI, CI/CD",Backend,26000,5 months,"Backend Developer Intern at QuantifyX 12 in Chennai. Focus on backend projects with Microservices, REST APIs, Docker, PostgreSQL, Python."
Frontend Developer Intern,TechCorp 13,Remote,"CSS, React, HTML, UI/UX, Celery, Django",Frontend,27000,2 months,"Frontend Developer Intern at TechCorp 13 in Remote. Focus on frontend projects with CSS, React, HTML, UI/UX, Celery."
DevOps Intern,Analytics Hub 13,Delhi,"Linux, Kubernetes, Terraform, CI/CD, Docker, PostgreSQL",DevOps,28000,3 months,"DevOps Intern at Analytics Hub 13 in Delhi. Focus on devops projects with Linux, Kubernetes, Terraform, CI/CD, Docker."
Cloud Engineering Intern,AI Lab 13,Mumbai,"AWS, GCP, Docker, Kubernetes, Azure, Terraform, PostgreSQL",Cloud,29000,4 months,"Cloud Engineering Intern at AI Lab 13 in Mumbai. Focus on cloud projects with AWS, GCP, Docker, Kubernetes, Azure."
Computer Vision Intern,StartupXYZ 13,Noida,"OpenCV, Image Processing, CNN, Python, Django, Analytical Thinking",Computer Vision,30000,5 months,"Computer Vision Intern at StartupXYZ 13 in Noida. Focus on computer vision projects with OpenCV, Image Processing, CNN, Python, Django."
Security Engineering Intern,VisionTech 13,Gurugram,"Threat Modeling, Network Security, Secure Coding, IAM, SAST, Communication, Ansible",Security,31000,2 months,"Security Engineering Intern at VisionTech 13 in Gurugram. Focus on security projects with Threat Modeling, Network Security, Secure Coding, IAM, SAST."
Product Analytics Intern,CloudNine 13,Kolkata,"SQL, Power BI, Tableau, Excel, Statistics, A/B Testing, CNN, FastAPI",Analytics,32000,3 months,"Product Analytics Intern at CloudNine 13 in Kolkata. Focus on analytics projects with SQL, Power BI, Tableau, Excel, Statistics."
Machine Learning Intern,DataForge 13,Bangalore,"Matplotlib, PyTorch, Feature Engineering, A/B Testing, Docker, FastAPI",AI/ML,8000,4 months,"Machine Learning Intern at DataForge 13 in Bangalore. Focus on ai/ml projects with Matplotlib, PyTorch, Feature Engineering, A/B Testing, Docker."
Data Science Intern,NextGen Systems 13,Hyderabad,"Python, SQL, Visualization, Tableau, pandas",Data Science,9000,5 months,"Data Science Intern at NextGen Systems 13 in Hyderabad. Focus on data science projects with Python, SQL, Visualization, Tableau, pandas."
NLP Research Intern,InnoSoft 13,Pune,"RAG, Python, Embeddings, Prompt Engineering, Transformers, BERT",NLP,10000,2 months,"NLP Research Intern at InnoSoft 13 in Pune. Focus on nlp projects with RAG, Python, Embeddings, Prompt Engineering, Transformers."
Backend Developer Intern,BrightEdge 13,Chennai,"Python, Django, Microservices, Docker, REST APIs, Kubernetes",Backend,11000,3 months,"Backend Developer Intern at BrightEdge 13 in Chennai. Focus on backend projects with Python, Django, Microservices, Docker, REST APIs."
Frontend Developer Intern,NexusAI 13,Remote,"Tailwind CSS, TypeScript, UI/UX, HTML, Next.js, Feature Engineering, Azure",Frontend,12000,4 months,"Frontend Developer Intern at NexusAI 13 in Remote. Focus on frontend projects with Tailwind CSS, TypeScript, UI/UX, HTML, Next.js."
DevOps Intern,QuantifyX 13,Delhi,"Kubernetes, Monitoring, Docker, CI/CD, Linux, AWS, PostgreSQL",DevOps,13000,5 months,"DevOps Intern at QuantifyX 13 in Delhi. Focus on devops projects with Kubernetes, Monitoring, Docker, CI/CD, Linux."
Cloud Engineering Intern,TechCorp 14,Mumbai,"Azure, Terraform, Docker, GCP, PostgreSQL, REST APIs",Cloud,14000,2 months,"Cloud Engineering Intern at TechCorp 14 in Mumbai. Focus on cloud projects with Azure, Terraform, Docker, GCP, PostgreSQL."
Computer Vision Intern,Analytics Hub 14,Noida,"Object Detection, Python, PyTorch, OpenCV, Image Processing, Airflow, Django",Computer Vision,15000,3 months,"Computer Vision Intern at Analytics Hub 14 in Noida. Focus on computer vision projects with Object Detection, Python, PyTorch, OpenCV, Image Processing."
Security Engineering Intern,AI Lab 14,Gurugram,"IAM, Threat Modeling, SAST, Network Security, OAuth, Secure Coding, Django, CI/CD",Security,16000,4 months,"Security Engineering Intern at AI Lab 14 in Gurugram. Focus on security projects with IAM, Threat Modeling, SAST, Network Security, OAuth."
Product Analytics Intern,StartupXYZ 14,Kolkata,"Excel, Power BI, Statistics, SQL, Bash, Celery",Analytics,17000,5 months,"Product Analytics Intern at StartupXYZ 14 in Kolkata. Focus on analytics projects with Excel, Power BI, Statistics, SQL, Bash."
Machine Learning Intern,VisionTech 14,Bangalore,"PyTorch, TensorFlow, A/B Testing, NumPy, Python, Celery, C++",AI/ML,18000,2 months,"Machine Learning Intern at VisionTech 14 in Bangalore. Focus on ai/ml projects with PyTorch, TensorFlow, A/B Testing, NumPy, Python."
Data Science Intern,CloudNine 14,Hyderabad,"Python, Spark, Statistics, Tableau, NumPy, pandas",Data Science,19000,3 months,"Data Science Intern at CloudNine 14 in Hyderabad. Focus on data science projects with Python, Spark, Statistics, Tableau, NumPy."
NLP Research Intern,DataForge 14,Pune,"Transformers, Embeddings, spaCy, BERT, Python",NLP,20000,4 months,"NLP Research Intern at DataForge 14 in Pune. Focus on nlp projects with Transformers, Embeddings, spaCy, BERT, Python."
Backend Developer Intern,NextGen Systems 14,Chennai,"Docker, Python, Microservices, Django, FastAPI, CI/CD",Backend,21000,5 months,"Backend Developer Intern at NextGen Systems 14 in Chennai. Focus on backend projects with Docker, Python, Microservices, Django, FastAPI."
Frontend Developer Intern,InnoSoft 14,Remote,"CSS, UI/UX, TypeScript, JavaScript, React, Tailwind CSS, Communication, Azure",Frontend,22000,2 months,"Frontend Developer Intern at InnoSoft 14 in Remote. Focus on frontend projects with CSS, UI/UX, TypeScript, JavaScript, React."
DevOps Intern,BrightEdge 14,Delhi,"Kubernetes, Monitoring, AWS, Linux, CI/CD",DevOps,23000,3 months,"DevOps Intern at BrightEdge 14 in Delhi. Focus on devops projects with Kubernetes, Monitoring, AWS, Linux, CI/CD."
Cloud Engineering Intern,NexusAI 14,Mumbai,"GCP, Azure, Terraform, Docker, Linux, AWS, REST APIs",Cloud,24000,4 months,"Cloud Engineering Intern at NexusAI 14 in Mumbai. Focus on cloud projects with GCP, Azure, Terraform, Docker, Linux."
Computer Vision Intern,QuantifyX 14,Noida,"Python, PyTorch, Object Detection, Image Processing, CNN, OpenCV, FastAPI, CSS",Computer Vision,25000,5 months,"Computer Vision Intern at QuantifyX 14 in Noida. Focus on computer vision projects with Python, PyTorch, Object Detection, Image Processing, CNN."
Security Engineering Intern,TechCorp 15,Gurugram,"Secure Coding, Network Security, SAST, OAuth, FastAPI, Analytical Thinking",Security,26000,2 months,"Security Engineering Intern at TechCorp 15 in Gurugram. Focus on security projects with Secure Coding, Network Security, SAST, OAuth, FastAPI."
Product Analytics Intern,Analytics Hub 15,Kolkata,"Power BI, Tableau, Statistics, A/B Testing, Excel, CSS, Analytical Thinking",Analytics,27000,3 months,"Product Analytics Intern at Analytics Hub 15 in Kolkata. Focus on analytics projects with Power BI, Tableau, Statistics, A/B Testing, Excel."
Machine Learning Intern,AI Lab 15,Bangalore,"scikit-learn, Feature Engineering, Python, TensorFlow, PyTorch, NumPy, Flask, Bash",AI/ML,28000,4 months,"Machine Learning Intern at AI Lab 15 in Bangalore. Focus on ai/ml projects with scikit-learn, Feature Engineering, Python, TensorFlow, PyTorch."
Data Science Intern,StartupXYZ 15,Hyderabad,"SQL, Visualization, Tableau, pandas",Data Science,29000,5 months,"Data Science Intern at StartupXYZ 15 in Hyderabad. Focus on data science projects with SQL, Visualization, Tableau, pandas."
NLP Research Intern,VisionTech 15,Pune,"NLTK, Python, RAG, Prompt Engineering, Transformers",NLP,30000,2 months,"NLP Research Intern at VisionTech 15 in Pune. Focus on nlp projects with NLTK, Python, RAG, Prompt Engineering, Transformers."
Backend Developer Intern,CloudNine 15,Chennai,"FastAPI, REST APIs, Microservices, PostgreSQL, Docker, Django, AWS, Kubernetes",Backend,31000,3 months,"Backend Developer Intern at CloudNine 15 in Chennai. Focus on backend projects with FastAPI, REST APIs, Microservices, PostgreSQL, Docker."
Frontend Developer Intern,DataForge 15,Remote,"Tailwind CSS, HTML, CSS, TypeScript, Communication, Analytical Thinking",Frontend,32000,4 months,"Frontend Developer Intern at DataForge 15 in Remote. Focus on frontend projects with Tailwind CSS, HTML, CSS, TypeScript, Communication."
DevOps Intern,NextGen Systems 15,Delhi,"Monitoring, CI/CD, AWS, Terraform, Kubernetes, Docker",DevOps,8000,5 months,"DevOps Intern at NextGen Systems 15 in Delhi. Focus on devops projects with Monitoring, CI/CD, AWS, Terraform, Kubernetes."
Cloud Engineering Intern,InnoSoft 15,Mumbai,"GCP, Azure, Docker, Kubernetes, AWS, Linux",Cloud,9000,2 months,"Cloud Engineering Intern at InnoSoft 15 in Mumbai. Focus on cloud projects with GCP, Azure, Docker, Kubernetes, AWS."
Computer Vision Intern,BrightEdge 15,Noida,"CNN, Image Processing, Object Detection, Python, Celery, C++",Computer Vision,10000,3 months,"Computer Vision Intern at BrightEdge 15 in Noida. Focus on computer vision projects with CNN, Image Processing, Object Detection, Python, Celery."
Security Engineering Intern,NexusAI 15,Gurugram,"OAuth, Secure Coding, Network Security, Threat Modeling, IAM, Flask, A/B Testing",Security,11000,4 months,"Security Engineering Intern at NexusAI 15 in Gurugram. Focus on security projects with OAuth, Secure Coding, Network Security, Threat Modeling, IAM."
Product Analytics Intern,QuantifyX 15,Kolkata,"SQL, Tableau, Excel, A/B Testing, Statistics, Power BI, FastAPI, BERT",Analytics,12000,5 months,"Product Analytics Intern at QuantifyX 15 in Kolkata. Focus on analytics projects with SQL, Tableau, Excel, A/B Testing, Statistics."
Machine Learning Intern,TechCorp 16,Bangalore,"scikit-learn, A/B Testing, NumPy, pandas, Flask",AI/ML,13000,2 months,"Machine Learning Intern at TechCorp 16 in Bangalore. Focus on ai/ml projects with scikit-learn, A/B Testing, NumPy, pandas, Flask."
Data Science Intern,Analytics Hub 16,Hyderabad,"Statistics, pandas, SQL, Spark, Visualization, Tableau",Data Science,14000,3 months,"Data Science Intern at Analytics Hub 16 in Hyderabad. Focus on data science projects with Statistics, pandas, SQL, Spark, Visualization."
NLP Research Intern,AI Lab 16,Pune,"Python, spaCy, Prompt Engineering, NLTK, RAG, BERT, Transformers",NLP,15000,4 months,"NLP Research Intern at AI Lab 16 in Pune. Focus on nlp projects with Python, spaCy, Prompt Engineering, NLTK, RAG."
Backend Developer Intern,StartupXYZ 16,Chennai,"FastAPI, Django, Python, Microservices, AWS, PostgreSQL",Backend,16000,5 months,"Backend Developer Intern at StartupXYZ 16 in Chennai. Focus on backend projects with FastAPI, Django, Python, Microservices, AWS."
Frontend Developer Intern,VisionTech 16,Remote,"TypeScript, CSS, JavaScript, Next.js, HTML, Embeddings",Frontend,17000,2 months,"Frontend Developer Intern at VisionTech 16 in Remote. Focus on frontend projects with TypeScript, CSS, JavaScript, Next.js, HTML."
DevOps Intern,CloudNine 16,Delhi,"AWS, Docker, CI/CD, Kubernetes, Linux, Terraform",DevOps,18000,3 months,"DevOps Intern at CloudNine 16 in Delhi. Focus on devops projects with AWS, Docker, CI/CD, Kubernetes, Linux."
Cloud Engineering Intern,DataForge 16,Mumbai,"Kubernetes, GCP, Docker, AWS, PostgreSQL",Cloud,19000,4 months,"Cloud Engineering Intern at DataForge 16 in Mumbai. Focus on cloud projects with Kubernetes, GCP, Docker, AWS, PostgreSQL."
Computer Vision Intern,NextGen Systems 16,Noida,"PyTorch, Object Detection, Python, OpenCV, CNN, Airflow, Flask",Computer Vision,20000,5 months,"Computer Vision Intern at NextGen Systems 16 in Noida. Focus on computer vision projects with PyTorch, Object Detection, Python, OpenCV, CNN."
Security Engineering Intern,InnoSoft 16,Gurugram,"IAM, Threat Modeling, OAuth, Secure Coding, SAST, Network Security, Flask, Feature Engineering",Security,21000,2 months,"Security Engineering Intern at InnoSoft 16 in Gurugram. Focus on security projects with IAM, Threat Modeling, OAuth, Secure Coding, SAST."
Product Analytics Intern,BrightEdge 16,Kolkata,"Statistics, Tableau, Power BI, A/B Testing, Embeddings, CI/CD",Analytics,22000,3 months,"Product Analytics Intern at BrightEdge 16 in Kolkata. Focus on analytics projects with Statistics, Tableau, Power BI, A/B Testing, Embeddings."
Machine Learning Intern,NexusAI 16,Bangalore,"Feature Engineering, Matplotlib, Python, PyTorch, A/B Testing, FastAPI, BERT",AI/ML,23000,4 months,"Machine Learning Intern at NexusAI 16 in Bangalore. Focus on ai/ml projects with Feature Engineering, Matplotlib, Python, PyTorch, A/B Testing."
Data Science Intern,QuantifyX 16,Hyderabad,"Power BI, Visualization, SQL, NumPy, pandas, Tableau",Data Science,24000,5 months,"Data Science Intern at QuantifyX 16 in Hyderabad. Focus on data science projects with Power BI, Visualization, SQL, NumPy, pandas."
NLP Research Intern,TechCorp 17,Pune,"spaCy, NLTK, Transformers, RAG, Python, Prompt Engineering",NLP,25000,2 months,"NLP Research Intern at TechCorp 17 in Pune. Focus on nlp projects with spaCy, NLTK, Transformers, RAG, Python."
Backend Developer Intern,Analytics Hub 17,Chennai,"FastAPI, Docker, PostgreSQL, Python, REST APIs, Kubernetes",Backend,26000,3 months,"Backend Developer Intern at Analytics Hub 17 in Chennai. Focus on backend projects with FastAPI, Docker, PostgreSQL, Python, REST APIs."
Frontend Developer Intern,AI Lab 17,Remote,"TypeScript, Next.js, JavaScript, React, UI/UX, HTML, AWS, Feature Engineering",Frontend,27000,4 months,"Frontend Developer Intern at AI Lab 17 in Remote. Focus on frontend projects with TypeScript, Next.js, JavaScript, React, UI/UX."
DevOps Intern,StartupXYZ 17,Delhi,"AWS, Monitoring, Linux, Docker, PostgreSQL, REST APIs",DevOps,28000,5 months,"DevOps Intern at StartupXYZ 17 in Delhi. Focus on devops projects with AWS, Monitoring, Linux, Docker, PostgreSQL."
Cloud Engineering Intern,VisionTech 17,Mumbai,"Terraform, Linux, Docker, AWS, Azure, CI/CD, REST APIs",Cloud,29000,2 months,"Cloud Engineering Intern at VisionTech 17 in Mumbai. Focus on cloud projects with Terraform, Linux, Docker, AWS, Azure."
Computer Vision Intern,CloudNine 17,Noida,"CNN, Python, OpenCV, Image Processing, PyTorch, Object Detection, Analytical Thinking, CSS",Computer Vision,30000,3 months,"Computer Vision Intern at CloudNine 17 in Noida. Focus on computer vision projects with CNN, Python, OpenCV, Image Processing, PyTorch."
Security Engineering Intern,DataForge 17,Gurugram,"Threat Modeling, IAM, Secure Coding, OAuth, Feature Engineering, Bash",Security,31000,4 months,"Security Engineering Intern at DataForge 17 in Gurugram. Focus on security projects with Threat Modeling, IAM, Secure Coding, OAuth, Feature Engineering."
Product Analytics Intern,NextGen Systems 17,Kolkata,"Power BI, Statistics, SQL, Tableau, Excel, A/B Testing, Azure",Analytics,32000,5 months,"Product Analytics Intern at NextGen Systems 17 in Kolkata. Focus on analytics projects with Power BI, Statistics, SQL, Tableau, Excel."
Machine Learning Intern,InnoSoft 17,Bangalore,"TensorFlow, A/B Testing, NumPy, Matplotlib, Python, pandas, Ansible, Feature Engineering",AI/ML,8000,2 months,"Machine Learning Intern at InnoSoft 17 in Bangalore. Focus on ai/ml projects with TensorFlow, A/B Testing, NumPy, Matplotlib, Python."
Data Science Intern,BrightEdge 17,Hyderabad,"Power BI, SQL, Visualization, Tableau, NumPy",Data Science,9000,3 months,"Data Science Intern at BrightEdge 17 in Hyderabad. Focus on data science projects with Power BI, SQL, Visualization, Tableau, NumPy."
NLP Research Intern,NexusAI 17,Pune,"Transformers, Prompt Engineering, RAG, Embeddings, NLTK, Python",NLP,10000,4 months,"NLP Research Intern at NexusAI 17 in Pune. Focus on nlp projects with Transformers, Prompt Engineering, RAG, Embeddings, NLTK."
Backend Developer Intern,QuantifyX 17,Chennai,"Django, Docker, Microservices, Python, PostgreSQL, REST APIs, Linux, CI/CD",Backend,11000,5 months,"Backend Developer Intern at QuantifyX 17 in Chennai. Focus on backend projects with Django, Docker, Microservices, Python, PostgreSQL."
Frontend Developer Intern,TechCorp 18,Remote,"JavaScript, CSS, UI/UX, React, Django, Communication",Frontend,12000,2 months,"Frontend Developer Intern at TechCorp 18 in Remote. Focus on frontend projects with JavaScript, CSS, UI/UX, React, Django."
DevOps Intern,Analytics Hub 18,Delhi,"CI/CD, AWS, Monitoring, Terraform, Kubernetes, Linux",DevOps,13000,3 months,"DevOps Intern at Analytics Hub 18 in Delhi. Focus on devops projects with CI/CD, AWS, Monitoring, Terraform, Kubernetes."
Cloud Engineering Intern,AI Lab 18,Mumbai,"AWS, GCP, Docker, Terraform, Azure, Linux, CI/CD",Cloud,14000,4 months,"Cloud Engineering Intern at AI Lab 18 in Mumbai. Focus on cloud projects with AWS, GCP, Docker, Terraform, Azure."
Computer Vision Intern,StartupXYZ 18,Noida,"CNN, Python, OpenCV, PyTorch, Flask, AWS",Computer Vision,15000,5 months,"Computer Vision Intern at StartupXYZ 18 in Noida. Focus on computer vision projects with CNN, Python, OpenCV, PyTorch, Flask."
Security Engineering Intern,VisionTech 18,Gurugram,"Secure Coding, OAuth, IAM, SAST, Network Security, C++, CI/CD",Security,16000,2 months,"Security Engineering Intern at VisionTech 18 in Gurugram. Focus on security projects with Secure Coding, OAuth, IAM, SAST, Network Security."
Product Analytics Intern,CloudNine 18,Kolkata,"Tableau, SQL, Statistics, Excel, A/B Testing, Power BI, Ansible, Celery",Analytics,17000,3 months,"Product Analytics Intern at CloudNine 18 in Kolkata. Focus on analytics projects with Tableau, SQL, Statistics, Excel, A/B Testing."
Machine Learning Intern,DataForge 18,Bangalore,"A/B Testing, scikit-learn, TensorFlow, Matplotlib, CSS, Airflow",AI/ML,18000,4 months,"Machine Learning Intern at DataForge 18 in Bangalore. Focus on ai/ml projects with A/B Testing, scikit-learn, TensorFlow, Matplotlib, CSS."
Data Science Intern,NextGen Systems 18,Hyderabad,"Power BI, Python, NumPy, Visualization, Spark, SQL, Statistics",Data Science,19000,5 months,"Data Science Intern at NextGen Systems 18 in Hyderabad. Focus on data science projects with Power BI, Python, NumPy, Visualization, Spark."
NLP Research Intern,InnoSoft 18,Pune,"RAG, BERT, Transformers, Embeddings, NLTK, Python",NLP,20000,2 months,"NLP Research Intern at InnoSoft 18 in Pune. Focus on nlp projects with RAG, BERT, Transformers, Embeddings, NLTK."
Backend Developer Intern,BrightEdge 18,Chennai,"Django, FastAPI, REST APIs, PostgreSQL, Kubernetes, AWS",Backend,21000,3 months,"Backend Developer Intern at BrightEdge 18 in Chennai. Focus on backend projects with Django, FastAPI, REST APIs, PostgreSQL, Kubernetes."
Frontend Developer Intern,NexusAI 18,Remote,"CSS, JavaScript, Next.js, Tailwind CSS, TypeScript, Communication, Feature Engineering",Frontend,22000,4 months,"Frontend Developer Intern at NexusAI 18 in Remote. Focus on frontend projects with CSS, JavaScript, Next.js, Tailwind CSS, TypeScript."
DevOps Intern,QuantifyX 18,Delhi,"CI/CD, AWS, Docker, Monitoring, Kubernetes, Linux, REST APIs",DevOps,23000,5 months,"DevOps Intern at QuantifyX 18 in Delhi. Focus on devops projects with CI/CD, AWS, Docker, Monitoring, Kubernetes."
Cloud Engineering Intern,TechCorp 19,Mumbai,"Terraform, Azure, AWS, Kubernetes, CI/CD",Cloud,24000,2 months,"Cloud Engineering Intern at TechCorp 19 in Mumbai. Focus on cloud projects with Terraform, Azure, AWS, Kubernetes, CI/CD."
Computer Vision Intern,Analytics Hub 19,Noida,"OpenCV, CNN, Image Processing, PyTorch, Python, Bash, Analytical Thinking",Computer Vision,25000,3 months,"Computer Vision Intern at Analytics Hub 19 in Noida. Focus on computer vision projects with OpenCV, CNN, Image Processing, PyTorch, Python."
Security Engineering Intern,AI Lab 19,Gurugram,"OAuth, IAM, SAST, Secure Coding, Threat Modeling, Network Security, Azure, Docker",Security,26000,4 months,"Security Engineering Intern at AI Lab 19 in Gurugram. Focus on security projects with OAuth, IAM, SAST, Secure Coding, Threat Modeling."
Product Analytics Intern,StartupXYZ 19,Kolkata,"Power BI, Statistics, A/B Testing, Tableau, Feature Engineering, CNN",Analytics,27000,5 months,"Product Analytics Intern at StartupXYZ 19 in Kolkata. Focus on analytics projects with Power BI, Statistics, A/B Testing, Tableau, Feature Engineering."
Machine Learning Intern,VisionTech 19,Bangalore,"PyTorch, NumPy, scikit-learn, Python, Matplotlib, Django, CI/CD",AI/ML,28000,2 months,"Machine Learning Intern at VisionTech 19 in Bangalore. Focus on ai/ml projects with PyTorch, NumPy, scikit-learn, Python, Matplotlib."
Data Science Intern,CloudNine 19,Hyderabad,"Statistics, Python, pandas, Spark, Visualization, Power BI, NumPy",Data Science,29000,3 months,"Data Science Intern at CloudNine 19 in Hyderabad. Focus on data science projects with Statistics, Python, pandas, Spark, Visualization."
NLP Research Intern,DataForge 19,Pune,"Python, Prompt Engineering, NLTK, Embeddings, Transformers",NLP,30000,4 months,"NLP Research Intern at DataForge 19 in Pune. Focus on nlp projects with Python, Prompt Engineering, NLTK, Embeddings, Transformers."
Backend Developer Intern,NextGen Systems 19,Chennai,"REST APIs, Microservices, Docker, PostgreSQL, FastAPI, CI/CD, Kubernetes",Backend,31000,5 months,"Backend Developer Intern at NextGen Systems 19 in Chennai. Focus on backend projects with REST APIs, Microservices, Docker, PostgreSQL, FastAPI."
Frontend Developer Intern,InnoSoft 19,Remote,"JavaScript, Next.js, HTML, TypeScript, React, Tailwind CSS, Docker, Embeddings",Frontend,32000,2 months,"Frontend Developer Intern at InnoSoft 19 in Remote. Focus on frontend projects with JavaScript, Next.js, HTML, TypeScript, React."
DevOps Intern,BrightEdge 19,Delhi,"Kubernetes, Docker, CI/CD, Terraform, REST APIs",DevOps,8000,3 months,"DevOps Intern at BrightEdge 19 in Delhi. Focus on devops projects with Kubernetes, Docker, CI/CD, Terraform, REST APIs."
Cloud Engineering Intern,NexusAI 19,Mumbai,"Linux, AWS, Kubernetes, Azure, Terraform",Cloud,9000,4 months,"Cloud Engineering Intern at NexusAI 19 in Mumbai. Focus on cloud projects with Linux, AWS, Kubernetes, Azure, Terraform."
Computer Vision Intern,QuantifyX 19,Noida,"PyTorch, Object Detection, OpenCV, Image Processing, CNN, Python, Celery, Communication",Computer Vision,10000,5 months,"Computer Vision Intern at QuantifyX 19 in Noida. Focus on computer vision projects with PyTorch, Object Detection, OpenCV, Image Processing, CNN."
Security Engineering Intern,TechCorp 20,Gurugram,"IAM, Threat Modeling, Secure Coding, SAST, CNN, Airflow",Security,11000,2 months,"Security Engineering Intern at TechCorp 20 in Gurugram. Focus on security projects with IAM, Threat Modeling, Secure Coding, SAST, CNN."
Product Analytics Intern,Analytics Hub 20,Kolkata,"Tableau, SQL, Power BI, Excel, A/B Testing, Flask, Ansible",Analytics,12000,3 months,"Product Analytics Intern at Analytics Hub 20 in Kolkata. Focus on analytics projects with Tableau, SQL, Power BI, Excel, A/B Testing."
Machine Learning Intern,AI Lab 20,Bangalore,"PyTorch, pandas, TensorFlow, A/B Testing, Feature Engineering, NumPy, CI/CD, Celery",AI/ML,13000,4 months,"Machine Learning Intern at AI Lab 20 in Bangalore. Focus on ai/ml projects with PyTorch, pandas, TensorFlow, A/B Testing, Feature Engineering."
Data Science Intern,StartupXYZ 20,Hyderabad,"pandas, SQL, Spark, Statistics",Data Science,14000,5 months,"Data Science Intern at StartupXYZ 20 in Hyderabad. Focus on data science projects with pandas, SQL, Spark, Statistics."
NLP Research Intern,VisionTech 20,Pune,"NLTK, Embeddings, RAG, BERT, Python",NLP,15000,2 months,"NLP Research Intern at VisionTech 20 in Pune. Focus on nlp projects with NLTK, Embeddings, RAG, BERT, Python."
Backend Developer Intern,CloudNine 20,Chennai,"Python, Django, Docker, FastAPI, Microservices, PostgreSQL, Kubernetes",Backend,16000,3 months,"Backend Developer Intern at CloudNine 20 in Chennai. Focus on backend projects with Python, Django, Docker, FastAPI, Microservices."
Frontend Developer Intern,DataForge 20,Remote,"Next.js, TypeScript, Tailwind CSS, CSS, Airflow, CI/CD",Frontend,17000,4 months,"Frontend Developer Intern at DataForge 20 in Remote. Focus on frontend projects with Next.js, TypeScript, Tailwind CSS, CSS, Airflow."
DevOps Intern,NextGen Systems 20,Delhi,"Monitoring, Docker, AWS, Terraform, Linux, REST APIs, CI/CD",DevOps,18000,5 months,"DevOps Intern at NextGen Systems 20 in Delhi. Focus on devops projects with Monitoring, Docker, AWS, Terraform, Linux."
Cloud Engineering Intern,InnoSoft 20,Mumbai,"Azure, Kubernetes, Docker, Terraform, AWS, GCP",Cloud,19000,2 months,"Cloud Engineering Intern at InnoSoft 20 in Mumbai. Focus on cloud projects with Azure, Kubernetes, Docker, Terraform, AWS."
Computer Vision Intern,BrightEdge 20,Noida,"Image Processing, OpenCV, PyTorch, Python, Communication, CSS",Computer Vision,20000,3 months,"Computer Vision Intern at BrightEdge 20 in Noida. Focus on computer vision projects with Image Processing, OpenCV, PyTorch, Python, Communication."
Security Engineering Intern,NexusAI 20,Gurugram,"SAST, OAuth, Network Security, IAM, Threat Modeling, Django, Bash",Security,21000,4 months,"Security Engineering Intern at NexusAI 20 in Gurugram. Focus on security projects with SAST, OAuth, Network Security, IAM, Threat Modeling."
Product Analytics Intern,QuantifyX 20,Kolkata,"Statistics, Excel, Tableau, A/B Testing, SQL, Power BI, Feature Engineering, Django",Analytics,22000,5 months,"Product Analytics Intern at QuantifyX 20 in Kolkata. Focus on analytics projects with Statistics, Excel, Tableau, A/B Testing, SQL."
Machine Learning Intern,TechCorp 21,Bangalore,"Feature Engineering, TensorFlow, Matplotlib, scikit-learn, Embeddings, Flask",AI/ML,23000,2 months,"Machine Learning Intern at TechCorp 21 in Bangalore. Focus on ai/ml projects with Feature Engineering, TensorFlow, Matplotlib, scikit-learn, Embeddings."
Data Science Intern,Analytics Hub 21,Hyderabad,"Power BI, pandas, Spark, SQL, Statistics, Tableau",Data Science,24000,3 months,"Data Science Intern at Analytics Hub 21 in Hyderabad. Focus on data science projects with Power BI, pandas, Spark, SQL, Statistics."
NLP Research Intern,AI Lab 21,Pune,"Python, Embeddings, Transformers, NLTK, Prompt Engineering, BERT",NLP,25000,4 months,"NLP Research Intern at AI Lab 21 in Pune. Focus on nlp projects with Python, Embeddings, Transformers, NLTK, Prompt Engineering."
Backend Developer Intern,StartupXYZ 21,Chennai,"Django, Python, FastAPI, Microservices, PostgreSQL, CI/CD",Backend,26000,5 months,"Backend Developer Intern at StartupXYZ 21 in Chennai. Focus on backend projects with Django, Python, FastAPI, Microservices, PostgreSQL."
Frontend Developer Intern,VisionTech 21,Remote,"React, Tailwind CSS, Next.js, JavaScript, TypeScript, Django, CSS",Frontend,27000,2 months,"Frontend Developer Intern at VisionTech 21 in Remote. Focus on frontend projects with React, Tailwind CSS, Next.js, JavaScript, TypeScript."
DevOps Intern,CloudNine 21,Delhi,"Docker, CI/CD, Monitoring, Terraform, Linux, Kubernetes, PostgreSQL",DevOps,28000,3 months,"DevOps Intern at CloudNine 21 in Delhi. Focus on devops projects with Docker, CI/CD, Monitoring, Terraform, Linux."
Cloud Engineering Intern,DataForge 21,Mumbai,"AWS, GCP, Azure, Terraform, REST APIs, Docker",Cloud,29000,4 months,"Cloud Engineering Intern at DataForge 21 in Mumbai. Focus on cloud projects with AWS, GCP, Azure, Terraform, REST APIs."
Computer Vision Intern,NextGen Systems 21,Noida,"Object Detection, CNN, OpenCV, Python, Image Processing, CI/CD, Docker",Computer Vision,30000,5 months,"Computer Vision Intern at NextGen Systems 21 in Noida. Focus on computer vision projects with Object Detection, CNN, OpenCV, Python, Image Processing."
Security Engineering Intern,InnoSoft 21,Gurugram,"SAST, OAuth, Network Security, Threat Modeling, Secure Coding, IAM, A/B Testing, C++",Security,31000,2 months,"Security Engineering Intern at InnoSoft 21 in Gurugram. Focus on security projects with SAST, OAuth, Network Security, Threat Modeling, Secure Coding."
Product Analytics Intern,BrightEdge 21,Kolkata,"Excel, A/B Testing, Power BI, SQL, CI/CD, Bash",Analytics,32000,3 months,"Product Analytics Intern at BrightEdge 21 in Kolkata. Focus on analytics projects with Excel, A/B Testing, Power BI, SQL, CI/CD."
Machine Learning Intern,NexusAI 21,Bangalore,"TensorFlow, pandas, Python, Feature Engineering, scikit-learn, Flask, Django",AI/ML,8000,4 months,"Machine Learning Intern at NexusAI 21 in Bangalore. Focus on ai/ml projects with TensorFlow, pandas, Python, Feature Engineering, scikit-learn."
Data Science Intern,QuantifyX 21,Hyderabad,"SQL, Spark, Power BI, NumPy, Statistics, Python, Tableau",Data Science,9000,5 months,"Data Science Intern at QuantifyX 21 in Hyderabad. Focus on data science projects with SQL, Spark, Power BI, NumPy, Statistics."
NLP Research Intern,TechCorp 22,Pune,"NLTK, Prompt Engineering, Transformers, Python",NLP,10000,2 months,"NLP Research Intern at TechCorp 22 in Pune. Focus on nlp projects with NLTK, Prompt Engineering, Transformers, Python."
Backend Developer Intern,Analytics Hub 22,Chennai,"FastAPI, REST APIs, PostgreSQL, Microservices, Django, AWS, Docker",Backend,11000,3 months,"Backend Developer Intern at Analytics Hub 22 in Chennai. Focus on backend projects with FastAPI, REST APIs, PostgreSQL, Microservices, Django."
Frontend Developer Intern,AI Lab 22,Remote,"CSS, JavaScript, HTML, UI/UX, Tailwind CSS, TypeScript, Docker, AWS",Frontend,12000,4 months,"Frontend Developer Intern at AI Lab 22 in Remote. Focus on frontend projects with CSS, JavaScript, HTML, UI/UX, Tailwind CSS."
DevOps Intern,StartupXYZ 22,Delhi,"Terraform, CI/CD, Linux, AWS, Docker",DevOps,13000,5 months,"DevOps Intern at StartupXYZ 22 in Delhi. Focus on devops projects with Terraform, CI/CD, Linux, AWS, Docker."
Cloud Engineering Intern,VisionTech 22,Mumbai,"GCP, AWS, Terraform, Azure, Kubernetes",Cloud,14000,2 months,"Cloud Engineering Intern at VisionTech 22 in Mumbai. Focus on cloud projects with GCP, AWS, Terraform, Azure, Kubernetes."
Computer Vision Intern,CloudNine 22,Noida,"Python, Image Processing, CNN, Object Detection, PyTorch, OpenCV, FastAPI",Computer Vision,15000,3 months,"Computer Vision Intern at CloudNine 22 in Noida. Focus on computer vision projects with Python, Image Processing, CNN, Object Detection, PyTorch."
Security Engineering Intern,DataForge 22,Gurugram,"SAST, OAuth, Network Security, IAM, Docker, Azure",Security,16000,4 months,"Security Engineering Intern at DataForge 22 in Gurugram. Focus on security projects with SAST, OAuth, Network Security, IAM, Docker."
Product Analytics Intern,NextGen Systems 22,Kolkata,"Excel, SQL, Power BI, Statistics, A/B Testing, BERT, AWS",Analytics,17000,5 months,"Product Analytics Intern at NextGen Systems 22 in Kolkata. Focus on analytics projects with Excel, SQL, Power BI, Statistics, A/B Testing."
Machine Learning Intern,InnoSoft 22,Bangalore,"scikit-learn, Python, NumPy, Matplotlib, TensorFlow, A/B Testing, FastAPI, Docker",AI/ML,18000,2 months,"Machine Learning Intern at InnoSoft 22 in Bangalore. Focus on ai/ml projects with scikit-learn, Python, NumPy, Matplotlib, TensorFlow."
Data Science Intern,BrightEdge 22,Hyderabad,"Statistics, Python, Power BI, Tableau",Data Science,19000,3 months,"Data Science Intern at BrightEdge 22 in Hyderabad. Focus on data science projects with Statistics, Python, Power BI, Tableau."
NLP Research Intern,NexusAI 22,Pune,"Embeddings, RAG, Python, NLTK, BERT, Transformers",NLP,20000,4 months,"NLP Research Intern at NexusAI 22 in Pune. Focus on nlp projects with Embeddings, RAG, Python, NLTK, BERT."
Backend Developer Intern,QuantifyX 22,Chennai,"PostgreSQL, Microservices, Docker, REST APIs, FastAPI, Python, AWS",Backend,21000,5 months,"Backend Developer Intern at QuantifyX 22 in Chennai. Focus on backend projects with PostgreSQL, Microservices, Docker, REST APIs, FastAPI."
Frontend Developer Intern,TechCorp 23,Remote,"UI/UX, React, HTML, Tailwind CSS, Airflow, Communication",Frontend,22000,2 months,"Frontend Developer Intern at TechCorp 23 in Remote. Focus on frontend projects with UI/UX, React, HTML, Tailwind CSS, Airflow."
DevOps Intern,Analytics Hub 23,Delhi,"Docker, CI/CD, AWS, Kubernetes, Linux, REST APIs",DevOps,23000,3 months,"DevOps Intern at Analytics Hub 23 in Delhi. Focus on devops projects with Docker, CI/CD, AWS, Kubernetes, Linux."
Cloud Engineering Intern,AI Lab 23,Mumbai,"AWS, Terraform, GCP, Kubernetes, Azure, Docker, CI/CD",Cloud,24000,4 months,"Cloud Engineering Intern at AI Lab 23 in Mumbai. Focus on cloud projects with AWS, Terraform, GCP, Kubernetes, Azure."
Computer Vision Intern,StartupXYZ 23,Noida,"PyTorch, OpenCV, Object Detection, Image Processing, Django, AWS",Computer Vision,25000,5 months,"Computer Vision Intern at StartupXYZ 23 in Noida. Focus on computer vision projects with PyTorch, OpenCV, Object Detection, Image Processing, Django."
Security Engineering Intern,VisionTech 23,Gurugram,"SAST, IAM, Network Security, OAuth, Secure Coding, Airflow, Celery",Security,26000,2 months,"Security Engineering Intern at VisionTech 23 in Gurugram. Focus on security projects with SAST, IAM, Network Security, OAuth, Secure Coding."
Product Analytics Intern,CloudNine 23,Kolkata,"Tableau, Statistics, Excel, SQL, A/B Testing, Power BI, AWS, Ansible",Analytics,27000,3 months,"Product Analytics Intern at CloudNine 23 in Kolkata. Focus on analytics projects with Tableau, Statistics, Excel, SQL, A/B Testing."
Machine Learning Intern,DataForge 23,Bangalore,"pandas, scikit-learn, Matplotlib, PyTorch, CSS, Flask",AI/ML,28000,4 months,"Machine Learning Intern at DataForge 23 in Bangalore. Focus on ai/ml projects with pandas, scikit-learn, Matplotlib, PyTorch, CSS."
Data Science Intern,NextGen Systems 23,Hyderabad,"Power BI, Python, Statistics, SQL, NumPy",Data Science,29000,5 months,"Data Science Intern at NextGen Systems 23 in Hyderabad. Focus on data science projects with Power BI, Python, Statistics, SQL, NumPy."
NLP Research Intern,InnoSoft 23,Pune,"Prompt Engineering, RAG, Python, BERT, spaCy, NLTK",NLP,30000,2 months,"NLP Research Intern at InnoSoft 23 in Pune. Focus on nlp projects with Prompt Engineering, RAG, Python, BERT, spaCy."
Backend Developer Intern,BrightEdge 23,Chennai,"Django, Docker, Microservices, FastAPI, Kubernetes",Backend,31000,3 months,"Backend Developer Intern at BrightEdge 23 in Chennai. Focus on backend projects with Django, Docker, Microservices, FastAPI, Kubernetes."
Frontend Developer Intern,NexusAI 23,Remote,"React, Next.js, HTML, Tailwind CSS, JavaScript, C++, Flask",Frontend,32000,4 months,"Frontend Developer Intern at NexusAI 23 in Remote. Focus on frontend projects with React, Next.js, HTML, Tailwind CSS, JavaScript."
DevOps Intern,QuantifyX 23,Delhi,"Terraform, CI/CD, Kubernetes, Linux, Monitoring, AWS, Docker",DevOps,8000,5 months,"DevOps Intern at QuantifyX 23 in Delhi. Focus on devops projects with Terraform, CI/CD, Kubernetes, Linux, Monitoring."
Cloud Engineering Intern,TechCorp 24,Mumbai,"Azure, AWS, Docker, Terraform, PostgreSQL",Cloud,9000,2 months,"Cloud Engineering Intern at TechCorp 24 in Mumbai. Focus on cloud projects with Azure, AWS, Docker, Terraform, PostgreSQL."
Computer Vision Intern,Analytics Hub 24,Noida,"Python, CNN, Image Processing, PyTorch, Object Detection, FastAPI, Flask",Computer Vision,10000,3 months,"Computer Vision Intern at Analytics Hub 24 in Noida. Focus on computer vision projects with Python, CNN, Image Processing, PyTorch, Object Detection."
Security Engineering Intern,AI Lab 24,Gurugram,"IAM, SAST, OAuth, Threat Modeling, Secure Coding, Network Security, Embeddings, Bash",Security,11000,4 months,"Security Engineering Intern at AI Lab 24 in Gurugram. Focus on security projects with IAM, SAST, OAuth, Threat Modeling, Secure Coding."
Product Analytics Intern,StartupXYZ 24,Kolkata,"SQL, Excel, Statistics, A/B Testing, Docker",Analytics,12000,5 months,"Product Analytics Intern at StartupXYZ 24 in Kolkata. Focus on analytics projects with SQL, Excel, Statistics, A/B Testing, Docker."
Machine Learning Intern,VisionTech 24,Bangalore,"PyTorch, A/B Testing, scikit-learn, TensorFlow, pandas, Flask, Airflow",AI/ML,13000,2 months,"Machine Learning Intern at VisionTech 24 in Bangalore. Focus on ai/ml projects with PyTorch, A/B Testing, scikit-learn, TensorFlow, pandas."
Data Science Intern,CloudNine 24,Hyderabad,"SQL, Statistics, NumPy, Tableau, Power BI, Visualization, pandas",Data Science,14000,3 months,"Data Science Intern at CloudNine 24 in Hyderabad. Focus on data science projects with SQL, Statistics, NumPy, Tableau, Power BI."
NLP Research Intern,DataForge 24,Pune,"NLTK, Prompt Engineering, Embeddings, Python, RAG",NLP,15000,4 months,"NLP Research Intern at DataForge 24 in Pune. Focus on nlp projects with NLTK, Prompt Engineering, Embeddings, Python, RAG."
Backend Developer Intern,NextGen Systems 24,Chennai,"Docker, REST APIs, Django, FastAPI, Microservices, AWS, CI/CD",Backend,16000,5 months,"Backend Developer Intern at NextGen Systems 24 in Chennai. Focus on backend projects with Docker, REST APIs, Django, FastAPI, Microservices."
Frontend Developer Intern,InnoSoft 24,Remote,"React, Tailwind CSS, TypeScript, Next.js, JavaScript, HTML, Embeddings, Ansible",Frontend,17000,2 months,"Frontend Developer Intern at InnoSoft 24 in Remote. Focus on frontend projects with React, Tailwind CSS, TypeScript, Next.js, JavaScript."
DevOps Intern,BrightEdge 24,Delhi,"Linux, Kubernetes, Terraform, Monitoring, AWS",DevOps,18000,3 months,"DevOps Intern at BrightEdge 24 in Delhi. Focus on devops projects with Linux, Kubernetes, Terraform, Monitoring, AWS."
Cloud Engineering Intern,NexusAI 24,Mumbai,"GCP, Kubernetes, Terraform, AWS, Azure, Linux",Cloud,19000,4 months,"Cloud Engineering Intern at NexusAI 24 in Mumbai. Focus on cloud projects with GCP, Kubernetes, Terraform, AWS, Azure."
Computer Vision Intern,QuantifyX 24,Noida,"Image Processing, CNN, OpenCV, Object Detection, PyTorch, Python, Embeddings, Azure",Computer Vision,20000,5 months,"Computer Vision Intern at QuantifyX 24 in Noida. Focus on computer vision projects with Image Processing, CNN, OpenCV, Object Detection, PyTorch."
Security Engineering Intern,TechCorp 25,Gurugram,"Threat Modeling, SAST, OAuth, Secure Coding, Flask, CNN",Security,21000,2 months,"Security Engineering Intern at TechCorp 25 in Gurugram. Focus on security projects with Threat Modeling, SAST, OAuth, Secure Coding, Flask."
Product Analytics Intern,Analytics Hub 25,Kolkata,"Statistics, SQL, A/B Testing, Power BI, Tableau, Feature Engineering, C++",Analytics,22000,3 months,"Product Analytics Intern at Analytics Hub 25 in Kolkata. Focus on analytics projects with Statistics, SQL, A/B Testing, Power BI, Tableau."
Machine Learning Intern,AI Lab 25,Bangalore,"scikit-learn, Matplotlib, TensorFlow, PyTorch, Python, A/B Testing, FastAPI, CI/CD",AI/ML,23000,4 months,"Machine Learning Intern at AI Lab 25 in Bangalore. Focus on ai/ml projects with scikit-learn, Matplotlib, TensorFlow, PyTorch, Python."
Data Science Intern,StartupXYZ 25,Hyderabad,"Statistics, Visualization, SQL, Tableau, pandas",Data Science,24000,5 months,"Data Science Intern at StartupXYZ 25 in Hyderabad. Focus on data science projects with Statistics, Visualization, SQL, Tableau, pandas."
NLP Research Intern,VisionTech 25,Pune,"Prompt Engineering, Python, Embeddings, RAG, spaCy",NLP,25000,2 months,"NLP Research Intern at VisionTech 25 in Pune. Focus on nlp projects with Prompt Engineering, Python, Embeddings, RAG, spaCy."
Backend Developer Intern,CloudNine 25,Chennai,"PostgreSQL, Microservices, FastAPI, Django, Docker, Python, REST APIs, AWS",Backend,26000,3 months,"Backend Developer Intern at CloudNine 25 in Chennai. Focus on backend projects with PostgreSQL, Microservices, FastAPI, Django, Docker."
Frontend Developer Intern,DataForge 25,Remote,"CSS, UI/UX, React, Next.js, Ansible",Frontend,27000,4 months,"Frontend Developer Intern at DataForge 25 in Remote. Focus on frontend projects with CSS, UI/UX, React, Next.js, Ansible."
DevOps Intern,NextGen Systems 25,Delhi,"AWS, Monitoring, Docker, Linux, Terraform, PostgreSQL",DevOps,28000,5 months,"DevOps Intern at NextGen Systems 25 in Delhi. Focus on devops projects with AWS, Monitoring, Docker, Linux, Terraform."
Cloud Engineering Intern,InnoSoft 25,Mumbai,"GCP, Docker, Azure, Kubernetes, AWS, Terraform, REST APIs, PostgreSQL",Cloud,29000,2 months,"Cloud Engineering Intern at InnoSoft 25 in Mumbai. Focus on cloud projects with GCP, Docker, Azure, Kubernetes, AWS."
Computer Vision Intern,BrightEdge 25,Noida,"Image Processing, PyTorch, OpenCV, Python, CNN, Feature Engineering",Computer Vision,30000,3 months,"Computer Vision Intern at BrightEdge 25 in Noida. Focus on computer vision projects with Image Processing, PyTorch, OpenCV, Python, CNN."
Security Engineering Intern,NexusAI 25,Gurugram,"SAST, IAM, OAuth, Secure Coding, Network Security, Embeddings, Django",Security,31000,4 months,"Security Engineering Intern at NexusAI 25 in Gurugram. Focus on security projects with SAST, IAM, OAuth, Secure Coding, Network Security."
Product Analytics Intern,QuantifyX 25,Kolkata,"Power BI, Tableau, A/B Testing, SQL, Statistics, Excel, Embeddings, Django",Analytics,32000,5 months,"Product Analytics Intern at QuantifyX 25 in Kolkata. Focus on analytics projects with Power BI, Tableau, A/B Testing, SQL, Statistics."
